{
  "kind": "collectionType",
  "collectionName": "blogs",
  "info": {
    "singularName": "blog",
    "pluralName": "blogs",
    "displayName": "Blog",
    "description": ""
  },
  "options": {
    "draftAndPublish": true
  },
  "pluginOptions": {},
  "attributes": {
    "image": {
      "type": "media",
      "multiple": false,
      "required": true,
      "allowedTypes": [
        "images"
      ]
    },
    "title": {
      "type": "string",
      "required": true
    },
    "category": {
      "type": "string",
      "required": true
    },
    "content": {
      "type": "richtext",
      "required": true
    },
    "slug": {
      "type": "uid",
      "targetField": "title",
      "required": true
    }
  }
}
