{
  "kind": "singleType",
  "collectionName": "banners",
  "info": {
    "singularName": "banner",
    "pluralName": "banners",
    "displayName": "Banner"
  },
  "options": {
    "draftAndPublish": true
  },
  "pluginOptions": {},
  "attributes": {
    "subTitle": {
      "type": "string",
      "required": true
    },
    "title": {
      "type": "text",
      "required": true
    },
    "btnText": {
      "type": "string",
      "required": true
    },
    "btnLink": {
      "type": "string",
      "required": true
    },
    "image": {
      "allowedTypes": [
        "images"
      ],
      "type": "media",
      "multiple": false,
      "required": true
    }
  }
}
