{
  "kind": "singleType",
  "collectionName": "key_features",
  "info": {
    "singularName": "key-feature",
    "pluralName": "key-features",
    "displayName": "Key Feature",
    "description": ""
  },
  "options": {
    "draftAndPublish": true
  },
  "pluginOptions": {},
  "attributes": {
    "title": {
      "type": "string",
      "required": true
    },
    "shortText": {
      "type": "string",
      "required": true
    },
    "features": {
      "type": "component",
      "repeatable": true,
      "component": "top-features.item"
    },
    "btnText": {
      "type": "string"
    },
    "btnLink": {
      "type": "string"
    }
  }
}
